{"count":1,"gauges":{},"self":20.9866112,"total":22.726986399999998,"children":{"AgentResetIfDone":{"count":990,"self":0.019537799999999998,"total":0.019537799999999998,"children":null},"AgentSendState":{"count":990,"self":0.06726399999999999,"total":0.1063774,"children":{"CollectObservations":{"count":1984,"self":0.0391134,"total":0.0391134,"children":null}}},"DecideAction":{"count":990,"self":1.1919613,"total":1.4955205999999999,"children":{"RayPerceptionSensor.Perceive":{"count":1984,"self":0.3035593,"total":0.3035593,"children":null}}},"AcademyStep":{"count":990,"self":0.0095242,"total":0.0095242,"children":null},"AgentAct":{"count":990,"self":0.1063971,"total":0.1063971,"children":null}}}