{"count":1,"gauges":{},"self":4.3602564,"total":5.3822190999999995,"children":{"AgentResetIfDone":{"count":142,"self":0.0039708999999999994,"total":0.0039708999999999994,"children":null},"AgentSendState":{"count":142,"self":0.014157099999999999,"total":0.0251236,"children":{"CollectObservations":{"count":288,"self":0.010966499999999999,"total":0.010966499999999999,"children":null}}},"DecideAction":{"count":142,"self":0.8903169,"total":0.955325,"children":{"RayPerceptionSensor.Perceive":{"count":288,"self":0.0650081,"total":0.0650081,"children":null}}},"AcademyStep":{"count":142,"self":0.0019993,"total":0.0019993,"children":null},"AgentAct":{"count":142,"self":0.0305431,"total":0.0305431,"children":null}}}